{"accuracy": [0.43156251311302185, 0.429500013589859, 0.44200000166893005, 0.43937501311302185, 0.45006251335144043, 0.4480000138282776, 0.4567500054836273, 0.45875000953674316, 0.46037501096725464], "loss": [1.4614585638046265, 1.4524863958358765, 1.4307610988616943, 1.429312825202942, 1.4217115640640259, 1.426122784614563, 1.4074337482452393, 1.3948123455047607, 1.3934239149093628], "val_accuracy": [0.4740625023841858, 0.4971874952316284, 0.47562500834465027, 0.5115625262260437, 0.5128124952316284, 0.5181249976158142, 0.515625, 0.5149999856948853, 0.504687488079071], "val_loss": [1.4059349298477173, 1.3179224729537964, 1.3654574155807495, 1.2760517597198486, 1.2786062955856323, 1.280508279800415, 1.2828848361968994, 1.303440809249878, 1.3073372840881348]}