{"accuracy": [0.23668749630451202, 0.2527500092983246, 0.26256251335144043, 0.28593748807907104, 0.3073124885559082, 0.31937500834465027, 0.33656251430511475, 0.35087499022483826, 0.3610000014305115, 0.3709374964237213, 0.3708750009536743, 0.38975000381469727, 0.3944374918937683, 0.40299999713897705, 0.41493749618530273, 0.4170624911785126, 0.4170624911785126, 0.4180000126361847, 0.4284375011920929, 0.43525001406669617], "loss": [1.9389533996582031, 1.8096613883972168, 1.7727248668670654, 1.7287167310714722, 1.6993544101715088, 1.6785780191421509, 1.6440342664718628, 1.6232268810272217, 1.6079707145690918, 1.5893498659133911, 1.5766561031341553, 1.5495140552520752, 1.5444697141647339, 1.5232007503509521, 1.5024116039276123, 1.4939334392547607, 1.4888800382614136, 1.4812241792678833, 1.4616506099700928, 1.4529350996017456], "val_accuracy": [0.24656249582767487, 0.25562500953674316, 0.2956250011920929, 0.3568750023841858, 0.38718751072883606, 0.3824999928474426, 0.39531248807907104, 0.42375001311302185, 0.4528124928474426, 0.4153124988079071, 0.4546875059604645, 0.4065625071525574, 0.38718751072883606, 0.4728125035762787, 0.4675000011920929, 0.45625001192092896, 0.48781248927116394, 0.4896875023841858, 0.46937501430511475, 0.4921875], "val_loss": [2.5660202503204346, 1.7218632698059082, 1.6865366697311401, 1.6315284967422485, 1.5805374383926392, 1.557854413986206, 1.516360878944397, 1.4866344928741455, 1.446031093597412, 1.5009541511535645, 1.4426547288894653, 1.5471659898757935, 1.574643611907959, 1.3788456916809082, 1.3872593641281128, 1.4193240404129028, 1.3399065732955933, 1.3481022119522095, 1.375450849533081, 1.3377141952514648]}